date,time,words
2021-10-18,,2000
2021-10-19,,5584
2021-10-21,,8978
2021-10-23,,9006
2021-10-24,,9792
2021-10-25,,12344
2021-10-26,,14402
2021-10-27,,13804
2021-10-28,,15788
2021-10-29,,20070
2021-10-30,,22306
2021-10-31,,24922
2021-11-05,,24922
2021-11-08,,29748
2021-11-09,,30040
2021-11-11,,31942
2021-11-15,,32340
2021-11-16,,32744
2021-11-17,,33332
2021-11-20,1,35188
2021-11-20,2,35654
2021-11-22,,36214
2021-11-26,,38134
2021-11-29,1,47012
2021-11-29,2,54974
2021-11-30,1,58142
2021-11-30,2,59134
2021-11-30,3,61464
2021-11-30,4,62086
2021-11-30,5,62086
2021-11-30,6,62004
